//Control|Parent|ParName|Var Type|val min|val max|default|PSK word|PSK lsbit|PSK msbit|VCP to PSK|A|B|C|VCP Table vals|PSK to VCP| PSK table vals|Depends|Precision|Member of headset|Member of VPM|SF dependent|units (text)|Help text|Parameter description|Dependencies
HEADSET|GenVCPSettingsForm|HEADSET|BOOL|0|0|0|20|2|2|AS IS|0||||DEFAULT||NONE|0|Y|N|n|int|Modification of VCP PSKEY format ||
VPM|GenVCPSettingsForm|VPM|BOOL|1|1|1|999|999|999|AS IS|0||||DEFAULT||NONE|0|Y|O|n|int|Modification of VCP PSKEY format ||
VCP_FS|GenVCPSettingsForm|VCP_FS|UINT|8|16|8|999|999|999|TABLE|1|0.125|-1|08:16:24|DEFAULT|00:01:02|SPECIAL|0|Y|Y|n|kHz|Sampling frequency|Sampling frequency|Changing sampling frequency leads to rescaling of some VCP parameters such as TX_AGCT, RX_AGCT, TX_GGWF, TX_NDF1, TX_NDF2, TX_NDF3, UDF. It also affects Equalizer band widths. Make sure that the KAP (DSP library) file used corresponds to the chosen sampling frequency.
HIDE_VCP_FS_lo|GenVCPSettingsForm|HIDE_VCP_FS_lo|BOOL|0|1|0|21|8|8|AS IS|0||||DEFAULT||NONE|0|Y|Y|n|kHz|Sampling frequency|Sampling frequency|Changing sampling frequency leads to rescaling of some VCP parameters such as TX_AGCT, RX_AGCT, TX_GGWF, TX_NDF1, TX_NDF2, TX_NDF3, UDF. It also affects Equalizer band widths. Make sure that the KAP (DSP library) file used corresponds to the chosen sampling frequency.
HIDE_VCP_FS_hi|GenVCPSettingsForm|HIDE_VCP_FS_hi|BOOL|0|1|0|22|13|13|AS IS|0||||DEFAULT||SPECIAL|0|Y|Y|n|kHz|Sampling frequency|Sampling frequency|Changing sampling frequency leads to rescaling of some VCP parameters such as TX_AGCT, RX_AGCT, TX_GGWF, TX_NDF1, TX_NDF2, TX_NDF3, UDF. It also affects Equalizer band widths. Make sure that the KAP (DSP library) file used corresponds to the chosen sampling frequency.
SPK_GAINMIN|ExpertForm|DAC_GAIN_MIN|UINT|0|15|0|1|12|15|AS IS|0||||DEFAULT||SPECIAL|0|Y|E|n|int|DAC (loudspeaker) minimal allowed gain|This setting is used to control minimal allowed user volume. It is requested by VM during DSP initialization process (VM<->DSP message exchange). It does not influence VCP behavior directly. |Effect of setting this parameter fully depends on VM application.
SPK_GAINMAX|ExpertForm|DAC_GAIN_MAX|UINT|0|15|15|1|8|11|AS IS|0||||DEFAULT||SPECIAL|0|Y|E|n|int|DAC (loudspeaker) maximal allowed gain|This setting is used to control maximal allowed user volume. It is requested by VM during DSP initialization process (VM<->DSP message exchange). It does not influence VCP behavior directly. |Effect of setting this parameter fully depends on VM application. 
TX_SNS|ExpertForm|TX_SNS|SIG INT|-40|0|-6|16|0|7|EXP10|255|0.05|0||DEFAULT||NONE|0|Y|Y|n|dB|Stationary Noise Suppression gain|Defines static noise reduction gain applied to sub-band signals. The gain is applied to each sub-band when no useful signal is detected in it based on the current amplitude and sub-band noise estimations.|
RXOUT|ExpertForm|RX_OG|SIG INT|-96|36|0|5|0|7|EXP10|90.4774|0.0125|0||DEFAULT||SPECIAL|0|Y|Y|n|dB|RX output digital gain|Defines digital gain which is applied on RX output after all processing. |Setting digital gain value higher than 0 dB is highly not recommended
STG|ExpertForm|STG|UFLOAT|0|1|0|21|9|15|LINEAR|127|1|0||DEFAULT||NONE|2|Y|Y|n|float|TXout -> RXout side tone gain|Gain of TXout ‘side-tone’ added to RXout.|
RPD|ExpertForm|RPD|SIG INT|-200|200|0|12|8|15|LINEAR|1|0.5|0||DEFAULT||NONE|0|Y|Y|n|ms|Reference (RXout) to Primary (TXin) delay (bulk delay compensation)|This parameter controls size of delay-line that is used to delay RXout (Reference) or TXin (Primary) signal by n samples. For n > 0 the Reference signal is delayed; for n < 0 the Primary signal is delayed. The parameter is used to compensate for the `bulk` delay present between the channels in the system. If not compensated, delayed Reference signal leads to bad performance of adaptive filters; delayed Primary signal leads to inefficient usage of first filter coefficients.  Properly compensated delay allows to optimize (shorten) adaptive filter length that improves overall performance and reduces computational resources.|
RX_DTGCHP|ExpertForm|RX_DTGCHP|SIG INT|-96|0|0|28|0|7|EXP10|255|0.0125|0||DEFAULT||NONE|0|n|Y|n|dB|RX output DTGC high-pass filter gain at 1000 Hz in Double Talk|Defines RX signal high-pass filter slope in double talk. Namely, DTGCHP defines attenuation (in dB) at 1000 Hz.|
RX_DTGC_HT|ExpertForm|RX_DTGCHT|UINT|0|1000|200|3|0|7|LINEAR|0.25|1|0||DEFAULT||NONE|0|n|Y|n|ms|RX output DTGC attenuated gain hold time|Minimal time (hold time) of RX signal attenuation by DTGC. During this time Rx signal attenuation is constant|
DTGC_IT|ExpertForm|RX_DTGCIT|UINT|0|2000|250|4|8|15|LINEAR|0.125|1|0||DEFAULT||NONE|0|n|Y|n|ms|RX output DTGC gain increase time|Defines time that it takes to DTGC to rise loudspeaker gain back to its normal value.|
DTGC_DT|ExpertForm|RX_DTGCDT|UINT|0|2000|30|4|0|7|LINEAR|0.125|1|0||DEFAULT||NONE|0|n|Y|n|ms|RX output DTGC gain decrease time|Defines time that it takes to DTGC mechanism to decrease loudspeaker level by ATT dB.|
RX_DTGC_ATT|ExpertForm|RX_DTGCATT|SIG INT|-40|0|0|3|8|15|EXP10|255|0.05|0||DEFAULT||NONE|0|n|Y|n|dB|RX output DTGC attenuation gain in Double Talk|Defines attenuation of the RX signal during double talk. When near speech is detected RX signal is attenuated by this factor.|
RX_AGC|ExpertForm|RX_AGC|UFLOAT|0|22.5|0|2|0|3|LINEAR|0.66667|1|0||DEFAULT||NONE|1|n|Y|n|dB|AGC maximal gain|[TX_AGC]|[TX_AGC]
RX_AGCTHR|ExpertForm|RX_AGCTHR|SIG INT|-96|0|-30|28|8|15|EXP10|255|0.0125|0||DEFAULT||NONE|0|n|Y|n|dB|RX AGC actuation level, dB|While AGC input signal level is under this threshold, the signal is considered as noise and AGC gain is not increased.|
//RX_AGCT|ExpertForm|RX_AGCT|UINT|200|10000|250|18|8|15|EXP2(INV)|16384|4|-1||DEFAULT||NONE|0|n|Y|Y|ms|Time to double TX AGC gain|[TX_AGCT]|[TX_AGCT]
RX_AGCT|ExpertForm|RX_AGCT|UINT|192|8160|256|18|8|15|LINEAR|1|0.03125|0||DEFAULT||NONE|0|n|Y|n|ms|Time to double RX AGC gain|[TX_AGCT]|[TX_AGCT]
RX_DRC|ExpertForm|RX_DRC|SIG INT|-96|24|0|30|8|15|EXP10|127.8027|0.0125|0||DEFAULT||NONE|1|Y|Y|n|dB|RX DRC gain (dynamic range compression factor)|Dynamic Range Compressor operates in two stages. On the first stage it amplifies  the signal by a factor specified as DRC parameter value. Then, if the  amplified signal does not fit the maximal range, it is being limited so that the waveform fits the maximal range and is not clipped (saturated). RX DRC is used to `boost` the level of the signal coming from the network.|
//RX_CLIP|ExpertForm|RX_CLIP|UFLOAT|1|8|1|58|12|15|LINEAR|2.1429|1|-1||DEFAULT||NONE|2|Y|Y|n|times|RX clipping gain|RX clipping gain, dB. Rx signals above this level are clipped. This is useful in conjunction with Rx output gain to pump more energy into the speaker signal|
TX_AGC|ExpertForm|TX_AGC|UFLOAT|0|22.5|0|2|8|11|LINEAR|0.66667|1|0||DEFAULT||NONE|1|n|Y|n|dB|AGC maximal gain|Defines maximal allowed AGC gain. Effective AGC gain is always less or equal to this setting.|
TX_AGCTHR|ExpertForm|TX_AGCTHR|SIG INT|-96|0|-40|18|0|7|EXP10|255|0.0125|0||DEFAULT||NONE|0|n|Y|n|dB|AGC actuation level, dB|While AGC input signal level is under this threshold, the signal is considered as noise and AGC gain is not increased.|
//TX_AGCT|ExpertForm|TX_AGCT|UINT|200|10000|250|17|0|7|EXP2(INV)|16384|4|-1||DEFAULT||NONE|0|n|Y|Y|ms|Time to double AGC gain|Defines time that it takes to double AGC gain. I.e. defines how long it takes to AGC to react on (amplify) low-level speech.|
TX_AGCT|ExpertForm|TX_AGCT|UINT|192|8160|256|17|0|7|LINEAR|1|0.03125|0||DEFAULT||NONE|0|n|Y|n|ms|Time to double TX AGC gain|Defines time that it takes to double AGC gain. I.e. defines how long it takes to AGC to react on (amplify) low-level speech.|
TX_DRC1|ExpertForm|TX_DRC1|SIG INT|-96|24|-2|19|8|15|EXP10|127.8027|0.0125|0||DEFAULT||NONE|1|Y|Y|n|dB|TX output 1st DRC (before AGC) saturation threshold|Defines DRC maximal output level. The signal is compressed (gain reduced) to fit into the level defined by this parameter. Signals with amplitude below this threshold (and above the bend point) are passed unaltered. This operation is performed before AGC.|
TX_DRC2|ExpertForm|TX_DRC2|SIG INT|-96|24|0|19|0|7|EXP10|127.8027|0.0125|0||DEFAULT||NONE|1|Y|Y|n|dB|TX output 2nd DRC (after AGC) saturation threshold|Defines DRC maximal output level. The signal is compressed (gain reduced) to fit into the level defined by this parameter. Signals with amplitude below this threshold (and above the bend point) are passed unaltered. This operation is performed after AGC.|
RXIN|ExpertForm|RX_IG|SIG INT|-96|24|0|5|8|15|EXP10|127.8027|0.0125|0||DEFAULT||SPECIAL|0|Y|Y|n|dB|RX input digital gain|Defines digital gain which is applied on RX input before any processing. |Setting digital gain value higher than 0 dB is highly not recommended
REF_SHIFT|ExpertForm|REF_SHIFT|UINT|0|15|0|1|0|3|AS IS|0||||DEFAULT||NONE|0|Y|Y|n|bit|Reference (RXout-->AF link) signal left-shift value|This parameter is allows to scale up the Reference signal (which represents RXout --> AF link) according to the level of acoustic echo present in the TX channel. Reference signal samples are multiplied by 2^REF_SHIFT factor.|
RX_NG_DOWN|ExpertForm|RX_DRCBEND|SIG INT|-96|0|-96|24|8|15|EXP10|255|0.0125|0||DEFAULT||NONE|0|Y|Y|n|dB|Noise Gate bend threshold|[TX_DRC1BEND]|[TX_DRC1BEND]
RX_NG_NG|ExpertForm|RX_DRC1NGIL|SIG INT|-96|0|-96|24|0|7|EXP10|255|0.0125|0||DEFAULT||NONE|0|Y|Y|n|dB|Noise Gate attenuation threshold|[TX_NG_NG]|[TX_NG_NG]
RX_SNS|ExpertForm|RX_SNS|SIG INT|-40|0|-3|57|0|7|EXP10|255|0.05|0||DEFAULT||NONE|0|n|Y|n|dB|Stationary Noise Suppression gain|[TX_SNS]|[TX_SNS]
RX_BNL|ExpertForm|RX_BNL|SIG INT|-96|0|0|53|0|7|EXP10|255|0.0125|0||DEFAULT||NONE|0|n|Y|n|dB|Band noise level threshold for SNS decrease|[TX_BNL]|[TX_BNL]
RX_SNAT|ExpertForm|RX_SNAT|UINT|105|2005|700|55|0|7|LINEAR|0.083333|1|0||DEFAULT||NONE|0|n|Y|n|ms|Adaptation time to stationary noises|[TX_SNAT]|[TX_SNAT]
RX_NTF|ExpertForm|RX_NTF|SIG FLOAT|-1|1|0|56|8|15|LINEAR|127|1|0||DEFAULT||NONE|2|n|Y|n|float|Noise threshold factor (defines NS sensitivity)|[TX_NTF]|[TX_NTF]
TX_BNL|ExpertForm|TX_BNL|SIG INT|-96|0|0|26|0|7|EXP10|255|0.0125|0||DEFAULT||NONE|0|Y|Y|n|dB|Band noise level threshold for SNS decrease|BNL controls `noise level dependent noise reduction`. BNL defines a special noise level threshold in each frequency sub-band. If estimated noise level in a sub-band is lower than BNL threshold, then effective noise reduction gain is equal to SNS. If estimated noise level in a sub-band exceeds BNL threshold, then effective noise reduction gain is equal to SNS +(Estimated noise level - BNL)/2, dB.  Consequently, the higher the noise, the greater noise attenuation gain is applied. In any event, applied attenuation cannot exceed SNS + BNL_MING dB. BNL = 0 disables this mechanism, i.e. effective noise reduction gain is equal to SNS. Since BNL is absolute threshold, BNL setting depends on the input signal level.|
TX_SNAT|ExpertForm|TX_SNAT|UINT|105|2005|550|11|0|7|LINEAR|0.08333333|1|0||DEFAULT||NONE|0|Y|Y|n|ms|Adaptation time to stationary noises|Estimations of the current noise level are updated constantly during processing in each frequency band. This parameter defines the time that it takes to the algorithm to increase its noise estimations. Smaller values provide faster adaptation to noise level but may decrease stability and cause some voice degradation of continuous, high density speech in noisy conditions.|
TX_NTF|ExpertForm|TX_NTF|SIG FLOAT|-1|1|0|9|0|7|LINEAR|127|1|0||DEFAULT||NONE|2|Y|Y|n|float|Noise threshold factor (defines NS sensitivity)|NTF defines sensitivity of the noise suppressor to fluctuations of sub-band signal amplitude. Lower values increase sensitivity to voice but may lead to false responses causing noise artifacts (e.g. `musical noise`).|
TX_NG_DOWN|ExpertForm|TX_DRC1BEND|SIG INT|-96|0|-96|23|8|15|EXP10|255|0.0125|0||DEFAULT||NONE|0|Y|Y|n|dB|TX output 1st DRC bend threshold|Defines location of a bend point on the DRC characteristic. Signal with amplitude below this threshold is attenuated corresponding to the slope of a line connecting between bend point and noise gate point.|
TX_NG_NG|ExpertForm|TX_DRC1NGIL|SIG INT|-96|0|-96|23|0|7|EXP10|255|0.0125|0||DEFAULT||NONE|0|Y|Y|n|dB|TX output 1st DRC noise gate input level|Signal with amplitude below this threshold is attenuated to NGOL value|
TX_NDF1|ExpertForm|TX_NDF1|UINT|100|4000|250|13|0|7|LINEAR|0.008|1|0||DEFAULT||SPECIAL|0|n|Y|Y|Hz|Bottom frequency producing non-linear distortions|Defines the lowest frequency where non-linear distortions of the echo path (RXout -> TXin path) are produced. In frequency bands below NDF1, non-linear distortions of the echo path are considered zero. This parameter generally corresponds to the loudspeaker resonant frequency. Signals with frequencies significantly below the resonant frequency are not reproduced|Affects BCT behavior in frequency bands between NDF1 and NDF3.
TX_NDF2|ExpertForm|TX_NDF2|UINT|100|4000|1500|14|8|15|LINEAR|0.008|1|0||DEFAULT||SPECIAL|0|n|Y|Y|Hz|Top frequency producing non-linear distortions (> NDF1)|Defines the highest frequency where non-linear distortions of the echo path (RXout -> TXin path) are produced. Loudspeakers generally produce more distortions at low frequencies (above the resonant frequency).|Affects BCT behavior in frequency bands between NDF1 and NDF3.
TX_NDF3|ExpertForm|TX_NDF3|UINT|100|4000|3800|14|0|7|LINEAR|0.008|1|0||DEFAULT||SPECIAL|0|n|Y|Y|Hz|Top non-linear distortions region frequency (> NDF2)|Defines the highest frequency where non-linear distortions of the echo path (RXout -> TXin path) are present. In frequency bands above NDF3, non-linear distortions of the echo path are considered zero.|Affects BCT behavior in frequency bands between NDF1 and NDF3.
TX_NDC|ExpertForm|TX_NDC|UFLOAT|0|4|0|10|8|15|SQRT|255|0.25|0||DEFAULT||SPECIAL|3|n|Y|n|float|Non-linear distortions factor|NDC purpose is to take into account non-linear distortions present in the echo path (RXout -> TXin path) in BCT calculations. Its value defines `amount of non-linearity` produced by the loudspeaker. More exactly, NDC defines n in BCT formula: (AF_out - n) / AF_in < BCT; where n is a sum of in-band RXout signal amplitudes over bands between NDF1 and NDF2. n is considered 0 in frequency bands below NDF1 and above NDF3. Thus increase of NDC value causes VCP to close bands more frequently in the frequency region between NDF1 and NDF3. NDC = 0 disables the mechanism. Affects BCT behavior in frequency bands between NDF1 and NDF3.|
TX_NDCS|ExpertForm|TX_NDCS|UFLOAT|0|1|1|8|0|7|LINEAR|255|1|0||DEFAULT||NONE|2|n|Y|n|float|NDC decrease step in case of Reference signal level decrease|Distortions of the echo path (RXout -> TXin path) that include loudspeaker distortions and non-linear distortions of the system are generally reduced with a decrease in the Reference signal level. NDCS parameter allows optimizing the system performance for different Reference signal levels by defining NDC decrease step when the Reference signal level decreases by 6 dB relative to RSL value. For example, if NDC = 0.9, NDCS = 0.75, RSL=0 then for the reference signal amplitude changing from 0 dB to -6 dB the effective value of NDC will be changing from 0.9 to 0.675 (that is 0.9*0.75=0.675) and so on. This parameter allows to improve double talk performance on low level speaker  signals while retaining good echo suppression on high levels|Affects BCT behavior in frequency bands between NDF1 and NDF3.
TX_RSL|ExpertForm|TX_RSL|SIG INT|-40|0|0|16|8|15|EXP10|255|0.05|0||DEFAULT||NONE|0|n|Y|n|dB|Reference signal saturation level|With an increase of the Reference (RXout) signal level, sudden and significant increase of the loudspeaker`s distortion and acoustic echo path may occur (e.g. this may correspond to clipping in the power amplifier). RSL defines this level of the Reference (TXout) signal relative to its full digital range. Specifying a non-zero value of RSL allows setting special value of NDC using RSNDC parameter|Affects BCT behavior in frequency bands between NDF1 and NDF3.
TX_RSNDC|ExpertForm|TX_RSNDC|UFLOAT|0|4|0|10|0|7|SQRT|255|0.25|0||DEFAULT||SPECIAL|3|n|Y|n|float|Special NDC value for oversaturated Reference|Defines NDC value for cases when Reference (RXout) signal level exceeds the threshold set by RSL. The following logic is applied: [Reference signal level > RSL] -> [too many distortions appear] -> [NDC should be increased to suppress residual echo without spoiling performance on `normal` signal levels].|Affects BCT behavior in frequency bands between NDF1 and NDF3.
TX_BCT|ExpertForm|TX_BCT|SIG INT|-40|0|-8|15|8|15|EXP10|255|0.05|0||DEFAULT||SPECIAL|0|Y|Y|n|dB|Band cancellation threshold|Defines the minimal ratio between in-band signal level after the adaptive filter and signal level before the adaptive filter, when the band is still open. If this ratio is lower than BCT, then sub-band is closed. The following logic is applied: the more significant signal attenuation by the adaptive filter, the higher the probability that this residual signal corresponds to echo; and thus the band can be closed with more confidence. Consequently, larger BCT values cause the algorithm to close bands more frequently. For example, for BCT=-6 dB the sub-band is closed if AF_out / AF_in < 0.5; the sub-band remains open otherwise. BCT mechanism has normally no effect when RX (downlink) signal is not active.|
TX_GCT|ExpertForm|TX_GCT|SIG INT|-60|0|-14|15|0|7|EXP10|255|0.05|0||DEFAULT||SPECIAL|0|Y|Y|n|dB|Global cancellation threshold|This parameter controls the full-band residual echo suppressor. If the ratio of the sum of the original amplitudes (before the adaptive filter) to the sum of amplitudes in all sub-bands after the adaptive filter and `per band` prior decisions (controlled by Residual Echo Suppressor, in particular BCT) is less than the value specified by GCT, then the full band signal is considered to be a single far talk echo and all bands are closed. I.e. if GCT > sum(sub-band signal amplitudes on ES output) / sum(sub-band signal amplitudes on AF input), the full band signal is considered `echo` and is being closed. Higher GCT values cause the algorithm to close all bands more frequently. For high values of GCT, behavior of the Echo Suppressor becomes close to half-duplex. GCT mechanism has normally no effect when RX (downlink) signal is not active.|In-band signal amplitudes used in GCT ratio calculation are taken with weights defined by GGW and GGWF parameters.
TX_PSL|ExpertForm|TX_PSL|SIG INT|-96|0|-3|26|8|15|EXP10|255|0.0125|0||DEFAULT||NONE|0|n|Y|n|dB|TX input saturation level (to close ES bands during Far End activity)|Saturation of the TXin (microphone) signal in Double Talk or Single Far Talk is equivalent to non-linear distortions of the echo path leading to possible residual echo passed by the Echo Suppressor. PSL defines a threshold level of the TXin signal level; above this threshold the signal is considered `saturated`. If such saturation occurs during activity on the RXout signal, the full band TX output signal is muted and substituted with comfort noise. PSL has no effect when there is no activity in the downlink channel.|
MIC_GAIN|ExpertForm|ADC_GAIN|UINT|0|15|11|1|4|7|AS IS|0||||DEFAULT||NONE|0|Y|E|n|int|Defines microphone (ADC) gain of BC5MM using encoded gain setting values from 0 to 15|Defines microphone (ADC) gain of BC5MM. The setting is represented (encoded) by numbers from 0 to 15. The actual gain set on ADC consists of two components: digital ADC gain and analog ADC gain. Gain settings correspond to the following actual ADC gain values (in a format: gain setting - overall gain, dB [digital component / analog component]): 0 - -45 dB [8 / 0]; 1 - -41.5 dB [9 / 0]; 2 - -39 dB [10 / 0]; 3 - -35.5 dB [11 / 0]; 4 - -33 dB [12 / 0]; 5 - -29.5 dB [13 / 0]; 6 - -27 dB [14 / 0]; 7 - -23.5 dB [15 / 0]; 8 - -21 dB [0 / 0]; 9 - -18 dB [0 / 1]; 10 - -15 dB  [0 / 2]; 11 - -12 dB [0 / 3]; 12 - -9 dB [0 / 4]; 13 - -6 dB [0 / 5]; 14 - -3 dB [0 / 6]; 15 - 0 dB [0 / 7]|Effect of setting this parameter fully depends on VM application. 
TXIN|ExpertForm|TX_IG|SIG INT|-96|24|0|6|8|15|EXP10|127.8027|0.0125|0||DEFAULT||SPECIAL|0|Y|Y|n|dB|TX input digital gain|Defines digital gain which is applied after TX input DRC and before AF block. |Setting digital gain value higher than 0 dB is highly not recommended
RX_BNLEF|AdvRXSNSpars|RX_BNLEF|UINT|1|8|2|20|13|15|LINEAR|1|1|-1||DEFAULT||NONE|0|n|Y|n|int|BNL spectrum curvature factor|[TX_BNLEF]|[TX_BNLEF]
RX_TNAT|AdvRXSNSpars|RX_TNAT|UINT|0|3060|100|55|8|15|LINEAR|0.08333|1|0||DEFAULT||NONE|0|n|Y|n|ms|Adaptation time to transient noises|[TX_TNAT]|[TX_TNAT]
RX_BNL_MING|AdvRXSNSpars|RX_BNL_MING|SIG INT|-96|0|-18|53|8|15|EXP10|255|0.0125|0||DEFAULT||NONE|0|n|Y|n|dB|Minimal allowed BNL gain|Defines minimal noise reduction gain addition from BNL mechanism. Overall noise reduction gain in full band never exceeds the follownig value: SNS+BNL_MING+WBNGG.|
RX_WBNG|AdvRXSNSpars|RX_WBNGG|SIG INT|-9|0|-3|57|8|10|SPECIAL|0||||SPECIAL||NONE|0|n|Y|n|dB|Wide band noise gate gain|[TX_WBNG]|[TX_WBNG]
TXOUT|ExpertForm|TX_OG|SIG INT|-96|36|0|6|0|7|EXP10|90.4774|0.0125|0||DEFAULT||SPECIAL|0|Y|Y|n|dB|TX output digital gain|Defines digital gain which is applied on TX output after all processing. |Setting digital gain value higher than 0 dB is highly not recommended
//VCP_ACTIVE_FLAG|ExpertForm|TEST_FLAG|BOOL|0|1|0|0|5|5|AS IS|0||||DEFAULT||NONE|0|Y|Y|n|flag|VCP `test` mode (short periodical beeps on TX and RX); flag|If enabled, short periodical beeps are produced on RX and TX. This feature helps to check whether VCP library is integrated in the system properly or not. The produced tones level is controlled by RX_OG and TX_OG correspondingly.|
//DEBUG_SND3|ExpertForm|DEBUG_SND|IGNORE|0|3|0|7|12|13|AS IS|0||||DEFAULT||NONE|0|Y|Y|n|int|VCP `test sound` mode (0 – disable, 1 – TX RX beeps, 2 – sweep tone, 3 – white noise)|If enabled, test sounds are produced on RX and TX. This feature helps to check whether VCP library is integrated in the system properly or not. The produced tones level is controlled by RX_OG and TX_OG correspondingly.|
//DEBUG_SND2|ExpertForm|DEBUG_SND|IGNORE|0|3|0|7|12|13|AS IS|0||||DEFAULT||NONE|0|Y|Y|n|int|VCP `test sound` mode (0 – disable, 1 – TX RX beeps, 2 – sweep tone, 3 – white noise)|If enabled, test sounds are produced on RX and TX. This feature helps to check whether VCP library is integrated in the system properly or not. The produced tones level is controlled by RX_OG and TX_OG correspondingly.|
//DEBUG_SND1|ExpertForm|DEBUG_SND|IGNORE|0|3|0|7|12|13|AS IS|0||||DEFAULT||NONE|0|Y|Y|n|int|VCP `test sound` mode (0 – disable, 1 – TX RX beeps, 2 – sweep tone, 3 – white noise)|If enabled, test sounds are produced on RX and TX. This feature helps to check whether VCP library is integrated in the system properly or not. The produced tones level is controlled by RX_OG and TX_OG correspondingly.|
DEBUG_SND|ExpertForm|DEBUG_SND|UINT|0|3|0|7|12|13|AS IS|0||||DEFAULT||NONE|0|Y|Y|n|int|VCP `test sound` mode (0 – disable, 1 – TX RX beeps, 2 – sweep tone, 3 – white noise)|If enabled, test sounds are produced on RX and TX. This feature helps to check whether VCP library is integrated in the system properly or not. The produced tones level is controlled by RX_OG and TX_OG correspondingly.|
TX_ADMLIM_FLAG|AdvTXSNSpars|TX_ADMLIM_FLAG|BOOL|0|1|0|0|4|4|AS IS|0||||DEFAULT||NONE|0|Y|Y|n|flag|ADM limiter, flag|Turns limitation of the ADM output signal on/off.|
TX_GDNR_FLAG|AdvTXSNSpars|TX_GDNR_FLAG|BOOL|0|1|1|0|5|5|AS IS|0||||DEFAULT||NONE|0|Y|Y|n|flag|Enable Gain Dependent NoiseReduction on TX; flag|Turns AGC gain dependent TX noise suppression on/off. If turned 'on', effective noise suppression gain depends on TX AGC gain (noise suppression gain is decreased proportionally to AGC gain increase).|
RX_GDNR_FLAG|AdvRXSNSpars|RX_GDNR_FLAG|BOOL|0|1|1|0|14|14|AS IS|0||||DEFAULT||NONE|0|Y|Y|n|flag|Enable Gain Dependent NoiseReduction on RX; flag|Turns AGC gain dependent RX noise suppression on/off. If turned 'on', effective noise suppression gain depends on RX AGC gain (noise suppression gain is decreased proportionally to AGC gain increase).|
TX_NR_LFNF_FLAG|AdvTXSNSpars|TX_NR_LFNF_FLAG|BOOL|0|1|0|2|13|13|AS IS|0||||DEFAULT||NONE|0|Y|Y|n|flag|Low Frequency Noise Flattering; flag|Flattens the lower part of output noise spectrum (< 600Hz) by applying additional attenuation to low frequencies when a strong low frequency noise is detected.|
RX_NR_LFNF_FLAG|AdvRXSNSpars|RX_NR_LFNF_FLAG|BOOL|0|1|0|2|15|15|AS IS|0||||DEFAULT||NONE|0|Y|Y|n|flag|[TX_NR_LFNF_FLAG]|[TX_NR_LFNF_FLAG]|
TX_NR_SHER_FLAG|AdvTXSNSpars|TX_NR_SHER_FLAG|BOOL|0|1|0|2|5|5|AS IS|0||||DEFAULT||NONE|0|Y|Y|n|flag|Speech Harmonic Enhancement and Restoration (SHER), flag|Enables detection and restoration of low frequency speech harmonics in presence of strong low frequency noise.|
RX_NR_SHER_FLAG|AdvRXSNSpars|RX_NR_SHER_FLAG|BOOL|0|1|0|2|7|7|AS IS|0||||DEFAULT||NONE|0|Y|Y|n|flag|[TX_NR_SHER_FLAG]|[TX_NR_SHER_FLAG]|
TX_BYPASS_FLAG|ExpertForm|TX_BYPASS_FLAG|BOOL|0|1|0|0|3|3|AS IS|0||||DEFAULT||NONE|0|Y|Y|n|flag|Bypass mode on TX; flag|If enabled, TX input signal is copied to TX output without any processing. In 2mic VCP version, TX input is taken from the microphone choosen  by TX_ADMCNF parameter.|
RX_BYPASS_FLAG|ExpertForm|RX_BYPASS_FLAG|BOOL|0|1|0|0|6|6|AS IS|0||||DEFAULT||NONE|0|Y|Y|n|flag|Bypass mode on RX; flag|If enabled, RX input signal is copied to RX output without any processing. |
//RX_NR_BYPASS_FLAG moved to 60[5]|ExpertForm|RX_NR_BYPASS_FLAG|IGNORE|0|1|0|0|4|4|AS IS|0||||DEFAULT||NONE|0|Y|Y|n|flag| NR, EQ and AGC bypass mode on RX; flag| If enabled, NR, AGC and EQ are not applied to RX |
TX_ES_FLAG|ExpertForm|TX_ES_FLAG|BOOL|0|1|1|0|11|11|AS IS|0||||DEFAULT||ENA/DIS|0|Y|Y|n|flag|Echo Suppression on/off|Turns echo suppression on/off|
//MAX_BP_GAINS_FLAG|ExpertForm||IGNORE|0|1|0|999|0|7|AS IS|0||||DEFAULT||NONE|0|Y|Y|n||Set TX/RX digital gains to 1.0 in bypass mode||
MIC_BOOST_FLAG|ExpertForm|ADC_PREAMP_FLAG|BOOL|0|1|1|0|15|15|AS IS|0||||DEFAULT||NONE|0|Y|E|n|flag|Use BC5MM internal ADC pre-amp; flag|Enable/disable the use of BC5MM internal ADC pre-amplifier. The pre-amplifier provides 20.5 dB gain increase.|Effect of setting this parameter fully depends on VM application. 
TX_BNLEF|AdvTXSNSpars|TX_BNLEF|UINT|1|8|2|20|10|12|LINEAR|1|1|-1||DEFAULT||NONE|0|Y|Y|n|int|BNL spectrum curvature factor|Since noise level estimations are independent in frequency bands, applied (effective) noise reduction gain calculated using BNL may differ in different bands.  BNLEF value limits the maximal difference of applied noise reduction gains in bands as follows: max_effective_reduction_gain / min_effective_reduction_gain <= BNLEF. Hence, BNLEF=1 forces applying the same noise reduction gain in all frequency bands, while BNLEF=8 allows up to 8 times (18 dB) difference.|Affects BNL
TX_TNAT|AdvTXSNSpars|TX_TNAT|UINT|0|3060|100|30|0|7|LINEAR|0.083333|1|0||DEFAULT||NONE|0|n|Y|n|ms|Adaptation time to transient noises|There is a special mechanism for detection and suppression of fast changing noises. The algorithm estimates noise level changes using combination of wideband signal envelope characteristics and sub-band noise estimations. This mechanism allows shortening noise adaptation time and suppressing transient noises such as sound of passing cars. Adaptation speed of the detector is controlled by TNAT parameter. Setting TNAT=SNAT disables the detector. Setting TNAT < SNAT shortens noise adaptation time for transient noises.|
TX_WBNG|AdvTXSNSpars|TX_WBNGG|SIG INT|-9|0|-3|22|5|7|SPECIAL|0||||SPECIAL||NONE|0|n|Y|n|dB|Wide band noise gate gain|Defines attenuation of noised signal by Wide Band Noise Gate.  This mechanism works with full band signal after synthesis block.|
TX_BNL_MING|AdvTXSNSpars|TX_BNL_MING|SIG INT|-96|0|-18|56|0|7|EXP10|255|0.0125|0||DEFAULT||NONE|0|n|Y|n|dB|Minimal allowed BNL gain|Defines minimal noise reduction gain addition from BNL mechanism. Overall noise reduction gain in full band never exceeds the follownig value: SNS+BNL_MING+WBNGG.|
NDVCSV_FLAG|AdvNDVCform|RX_NDVCSV_FLAG|BOOL|0|1|0|0|1|1|AS IS|0||||DEFAULT||NONE|0|n|Y|n|flag|Defines NDVC volume control mode: 0 - Hardware volume; 1 - Software volume; flag|If the `hardware volume` mode is choosen, the volume in not noisy conditions is defined by the current volume in the system (as reported from VM). RX_NDVCRANGE in this case defines maximal possible automatic volume gain increase. If the `software volume` mode is choosen, the volume in not noisy conditions is set to -RX_NDVCRANGE (dB) in this case defines maximal possible automatic volume gain increase.|Proper NDVC functionality depends on implementation of VM application. In particular, in `hardware volume` mode, VM should set DAC volume according to VM<->DSP message exchange exactly.
RX_NDVC_MIN|AdvNDVCform|RX_NDVCNMIN|SIG INT|-90|0|-50|97|0|7|EXP10|255|0.0125|0||DEFAULT||NONE|0|n|Y|n|dB|Minimal noise level to react on|Minimal noise level to react on|
RX_NDVC_MAX|AdvNDVCform|RX_NDVCNMAX|SIG INT|-90|0|-20|97|8|15|EXP10|255|0.0125|0||DEFAULT||NONE|0|n|Y|n|dB|Maximal noise level to react on|Defines a noise level that corresponds to the maximal volume gain.|
RX_NDVC_RANGE|AdvNDVCform|RX_NDVCRANGE|UINT|0|40|0|95|8|15|EXP10|2.0255|0.05|0||DEFAULT||NONE|0|n|Y|n|dB|NDVC range (defines maximal gain increase)|NDVC range (defines maximal allowed automatic gain increase)|
RX_NDVC_IFAC|AdvNDVCform|RX_NDVCIFAC|UFLOAT|1|1.5|1.01|96|8|15|LINEAR|255|2|-2||DEFAULT||NONE|3|n|Y|n|float|Smoothing factor for gain fade-in|Smoothing factor for gain fade-in|
RX_NDVC_DFAC|AdvNDVCform|RX_NDVCDFAC|UFLOAT|0.5|1|0.99|96|0|7|LINEAR|255|2|-1||DEFAULT||NONE|3|n|Y|n|float|Smoothing factor for gain fade-out|Smoothing factor for gain fade-out|
TX_ADM_STEERING|ADMform|TX_ADMSTR|SIG INT|-90|90|0|31|6|11|LINEAR|0.333333|1|0||DEFAULT||NONE|0|Y|Y|n|degrees|Steering angle|Defines steering angle of the ADM preferred direction relative to the line transverse to the axis connecting the two microphones. Relevant for broad-side ADM configuration only.|Applicable in broad-side ADM mode only
//ADM_CLOSE_FLAG3|ADMform||IGNORE|0|3|0|57|13|14|AS IS|0||||DEFAULT||NONE|0|Y|Y|n|int|ADM mode: 0-far field; 1-near field (close talk);|Defines ADM configuration: 0 - Far Field (the sound of interest is supposed to be on the axis connecting the two microphones); 1- Near Field (the source of sound is supposed to be close to the front microphone)|
//ADM_CLOSE_FLAG2|ADMform||IGNORE|0|3|0|57|13|14|AS IS|0||||DEFAULT||NONE|0|Y|Y|n|int|ADM mode: 0-far field; 1-near field (close talk);|Defines ADM configuration: 0 - Far Field (the sound of interest is supposed to be on the axis connecting the two microphones); 1- Near Field (the source of sound is supposed to be close to the front microphone)|
//ADM_CLOSE_FLAG1|ADMform||IGNORE|0|3|0|57|13|14|AS IS|0||||DEFAULT||NONE|0|Y|Y|n|int|ADM mode: 0-far field; 1-near field (close talk);|Defines ADM configuration: 0 - Far Field (the sound of interest is supposed to be on the axis connecting the two microphones); 1- Near Field (the source of sound is supposed to be close to the front microphone)|
ADM_CLOSE_FLAG|ADMform|TX_ADMMODE|UINT|0|3|0|57|13|14|AS IS|0||||DEFAULT||ENA/DIS|0|Y|Y|n|int|ADM mode: 0-far field, 1-near field, 2-broad side (car), 3-broad side (headset)|Defines ADM configuration: 0 - Far Field (the sound of interest is supposed to be on the axis connecting the two microphones); 1 - Near Field (the source of sound is supposed to be close to the front microphone); 2 – Broad Side (the sound of interest is supposed to be on the line transverse to the axis connecting the two microphones), car mode; 3 - Broad side (the sound of interest is supposed to be on the line transverse to the axis connecting the two microphones), headset mode|
//TX_ADM_MODE3|ADMform||IGNORE|0|1|||||AS IS|0||||DEFAULT||NONE|0|Y|Y|n||||
//TX_ADM_MODE2|ADMform||IGNORE|0|1|||||AS IS|0||||DEFAULT||NONE|0|Y|Y|n||||
//TX_ADM_MODE1|ADMform||IGNORE|0|1|||||AS IS|0||||DEFAULT||NONE|0|Y|Y|n||||
TX_ADM_MODE|ADMform|TX_ADMCNF|UINT|0|3|1|20|0|1|AS IS|0||||DEFAULT||SPECIAL|0|Y|Y|n|int|ADM microphone configuration: 0 - dual mic; 1 - first; 2 - second; 3 - difference|ADM configuration: 0 - both microphones are used; 1 - only front mic is used (no beam-forming); 2 - only rear microphone is used (no beam-forming).|
TX_ADM_FG|ADMform|TX_ADMFG|SIG INT|-12|18|0|22|8|12|EXP10|18.4327|0.0125|0||DEFAULT||NONE|0|Y|Y|n|dB|ADM front mic gain|Digital gain for the front microphone signal. Applied on the input of ADM block.|
TX_ADM_DIST|ADMform|TX_ADMDIST|UINT|8|1023|20|54|8|15|SPECIAL|0||||DEFAULT||NONE|0|Y|Y|n|mm|Distance between two microphones|Distance between the two microphones|If TX_ADMMODE =  0 (Far Field) or 1 (Near Field), valid range is more narrow: 8…128 mm. Update the distance properly, and beware of possible error messages when switching TX_ADMMODE to or from Far Field modes. You might need to enter a value in range 8...127 prior to changing TX_ADMMODE and only then readjust the ADMDIST value.
ADM_REVERSE_FLAG|ADMform|TX_ADMREVMIC_FLAG|BOOL|0|1|0|0|12|12|AS IS|0||||DEFAULT||NONE|0|Y|Y|n|flag|Reversed microphones; flag|Defines whether ADM should consider the microphones reversed or not.|
TX_ADM_MEG|ADMform|TX_ADMMEG|UFLOAT|0|2|0.5|20|3|5|LINEAR|7|0.5|0||DEFAULT||NONE|2|Y|Y|n|float|ADM maximal amplitude recovery factor|Defines maximal enhancement (compensation) gain applied to the wide-band ADM output signal. For noisy conditions it allows to `recover` voice attenuated mistakenly due to suboptimal sub-band decisions.|
/////TX_ADM_SF|ADMform|TX_ADMSF|UINT|0|875|0|22|13|15|LINEAR|1|0.008|0||DEFAULT||NONE|0|Y|Y|n|Hz|ADM bottom frequency (ADM is disabled below it)|Defines bottom frequency band where ADM processing is performed. ADM is not performed in frequency bands below this frequency (front microphone sub-band signal is used instead).|
TX_ADM_PHASE_ERR|ADMform|TX_ADMMPE|UINT|0|15|0|31|12|15|AS IS|0||||DEFAULT||NONE|0|Y|Y|n|degrees|Maximal phase error|Defines maximal phase mismatch (degrees) between two microphones. For example, typical phase mismatch of MEMS mics is around 3 deg; ECM mics have potentially greater Defines maximal phase mismatch (degrees) between two microphones. For example, typical phase mismatch of MEMS mics is around 3 deg; ECM mics have potentially greater phase micmatch.|
TX_ADM_WRG|ADMform|TX_ADMWNG|SIG INT|-24|0|0|21|0|3|EXP10|15|0.05|0||DEFAULT||NONE|0|Y|Y|n|dB|Wind noise minimal gain|Minimal wind noise reduction gain. This gain is applied to each sub-band when wind noise is detected. Setting this parameter to 0dB disables wind noise reduction|
TX_ADM_NLPG|ADMform|TX_ADMNLPG|SIG INT|-24|0|-6|21|4|7|EXP10|15|0.05|0||DEFAULT||NONE|0|Y|Y|n|dB|ADM NLP minimal gain|Defines the minimal Non-Linear Processor of ADM block. Smaller gains provide better noise attenuation for the expense of possible speech distortion|
TX_ADM_AA|ADMform|TX_ADMMAA|UINT|45|90|60|20|6|9|LINEAR|0.333333|1|-45||DEFAULT||NONE|0|Y|Y|n|deg|Signal acceptance angle|Defines signal acceptance angle relative to the ADM axis (sounds coming from angles outside [-ADMMAA, ADMMAA] sector are attenuated). This parameter is relevant for the end-fire (Far Talk) and broad-side configurations only.|
ADM_AM_ON_FLAG|ADMform|TX_ADMAM_FLAG|BOOL|0|1|0|0|10|10|AS IS|0||||DEFAULT||NONE|0|Y|Y|n|flag|ADM adaptation during Far Talk only; flag|Chooses ADM adaptation mode. If turned `off`, ADM adaptation is performed constantly. If turned `on`, ADM adaptation is performed only when activity on RX output is detected.|
ADM_ES_ON_FLAG|ADMform|TX_ADMES_FLAG|BOOL|0|1|0|0|9|9|AS IS|0||||DEFAULT||NONE|0|Y|Y|n|flag|Take into account ADM attenuation in ES; flag|Defines whether ADM signal attenuation is taken into account in ES or not. If turned `on`, BCT estimation looks as follows: AF_out / ADM_in < BCT, i.e. ADM input signal is used in BCT formula instead of AF input signal. The same is relevant for GCT.|
TX_ADM_RM_FLAG|ADMform|TX_ADM_RM_FLAG|BOOL|0|1|0|57|12|12|AS IS|0||||DEFAULT||SPECIAL|0|Y|Y|n|flag|Different polar patern during echo, flag (0-off,1-on)|Forces ADM to have different (separate) polar patterns for cases when echo is present (no RX activity) and when the echo is not present (RX activity detected)|Forced OFF and is not available if the secondary PSKEY is set to zero (0x0000)
TX_UDF|AdvAECform|UDF|UINT|0|7900|3900|32|8|13|LINEAR|0.008|1|0||DEFAULT||NONE|0|Y|Y|Y|Hz|Upper duplex frequency (half-duplex above it)|In the frequency bands above UDF frequency VCP performs in half-duplex mode - activity of the RXout signal in a sub-band above UDF immediately leads to closing the corresponding sub-band of the TX channel. No adaptive filtering is performed in sub-bands above UDF.|UDF values lower than FSF/2 reduce VCP object size and MIPS consumption, but lead to half-duplex performance in frequency bands above UDF.
TX_HDT|AdvAECform|TX_HDTIME|UINT|24|3060|500|11|8|15|LINEAR|0.0833333|1|0||DEFAULT||NONE|0|Y|Y|n|ms|Half-duplex time after VCP init|Defines duration of a special far-talk time interval that starts immediately after VCP initialization. During this far-talk time interval VCP functions in a pure half-duplex mode. This feature allows VCP to suppress initial echo while adaptive filters have not yet converged.|
TX_NSHG|AdvAECform|TX_NSHG|UFLOAT|0|4|0|99|0|7|LINEAR|255|0.25|0||DEFAULT||NONE|2|n|Y|n|float|Near speech harmonic generation factor (activated in double talk)|Gain of artificially synthesized signal regenerating near speech harmonics in double talk (during RXout signal activity only). Speech regeneration is performed on ES output signal restoring parts of near speech possibly corrupted by the echo suppression mechanism.|
TX_CN_GAIN|AdvAECform|TX_CNG|SIG INT|-96|0|0|31|4|5|TABLE|0|||-96:-8:-4:0|DEFAULT|0:1:2:3|NONE|0|Y|Y|n|dB|Comfort noise gain|Residual echo suppression zeros some (or all) sub-band signals causing changes in the noise spectral properties that can be audible. Comfort Noise Generator compensates for this by injecting artificial, `comfort` noise matching spectral properties of the input noise. This parameter defines gain of artificially generated `comfort noise` substituted instead of echo when the sub-band is closed. The gain is relative to estimated sub-band noise level. Its normal value is 1; but it can be changed for specific cases|
TX_GGWF|AdvAECform|TX_GGWF|UINT|0|4000|4000|13|8|15|LINEAR|0.008|1|0||DEFAULT||NONE|0|Y|Y|Y|Hz|Frequency where GGW factor starts fading|Defines frequency band in which GGW weights fading starts.|Affects GCT behavior.
TX_GGW|AdvAECform|TX_GGW|UFLOAT|0|2|1|8|8|15|LINEAR|255|0.5|0||DEFAULT||NONE|2|Y|Y|n|float|Band weights for GCT calculation|GGW introduces sub-band weight factors for the signal amplitudes in sums calculated in GCT ratio. Starting at certain frequency (sub-band number) defined by GGWF parameter, the sub-band signal amplitudes are “faded” with the weight factor defined by GGW. This, for example, allows giving the low frequencies greater importance than the high frequencies in GCT. For example, for FSF=8000, with GGW=0.9 and GGWF=1000 Hz, the weights are calculated as follows: for the bands 0-125 Hz, 125-250, ..., 875-1000 Hz the weight is 1.0; for the band 1000-1125 Hz the weight is 0.9; for the band 1125-1250 Hz the weight is  0.9^2; for the band 1250-1375 Hz the weight is 0.9^3  and so on.|Affects GCT behavior.
TX_THR|AdvAECform|TX_ESOTHR|UFLOAT|0|1|0|33|0|15|LINEAR|32767|1|0||DEFAULT||NONE|3|Y|Y|n|float|The lowest ES output signal allowed when Far End is active|Defines minimal signal level of ES output during RX (downlink) activity. The full band channel is being closed (substituted with comfort noise) automatically if the ES output signal level is below this threshold. This mechanism allows removing low level residual echo splashes. The mechanism is applied after BCT and GCT. For instance, for ESOTHR 0.0078 and 16 bit input PCM samples, the threshold defined by ESOTHR is 0.0078*2^15=256 units.|
TX_REFTHR|AdvAECform|TX_REFTHR|SIG INT|-96|-20|-46|22|0|4|EXP10|31|0.0125|0||DEFAULT||NONE|0|Y|Y|n|dB|Reference signal actuation threshold|This parameter allows disabling ES block for RXout signal levels below a threshold. Namely, for RXout signal levels lower than the specified threshold, ES will never close frequency bands.|Affects the whole ES block.
TX_NDCR|AdvAECform|TX_NDCR|UFLOAT|0|1|0.7|9|8|15|LINEAR|255|1|0||DEFAULT||NONE|3|n|Y|n|float|NDC release factor|Non-linear distortions of the echo path (RXout -> TXin path) may result not only in transforming energy from one band to another, but also in prolonging the reverberation time. NDCR specifies ‘how long a distortion lasts in time’ producing parasitic frequency components after the initial `excitation`. In other words, for each frame, n in the BCT formula (AF_out - n) / AF_in < BCT is actually calculated as follows: n_effective = max(NDCR*n_prev_frame, n_curr_frame). Therefore, for NDCR=0, the effect of n ends immediately as its excitation on the RXout signal stops (n_effective = n_curr_frame); while for NDCR near (but less than) 1 the effect of n fades-out in time smoothly.|Affects BCT behavior in frequency bands between NDF1 and NDF3.
TX_RRT|AdvAECform|TX_RRT|UINT|0|1020|0|32|0|7|LINEAR|0.25|1|0||DEFAULT||NONE|0|Y|Y|n|ms|Room reverberation time (use only if adaptive filter is not long enough)|Non-zero values enable a special mechanism that takes into account room reverberation time in BCT calculation. RRT defines time (measured in samples) necessary for an echo to decay to -60 dB. For non-zero RRT, BCT is calculated as (AF_out - r) / AF_in < BCT, r is calculated based on estimation of echo attenuation in the environment. Namely, r(n) (which is r on the frame number n) is calculated as r`(n) = max(r(n), C*r(n-1)), where C  is an attenuation coefficient providing attenuation of -60 dB for the given RRT time. RRT-mechanism allows suppressing echo tails lasting longer than adaptive filter length. RRT should be used in cases when echo tail is long, while adaptive filter length is limited and cannot be increased.|Affects BCT behavior.
TX_ARF|AdvAECform|TX_ARF|UFLOAT|0|1|0.9|7|0|7|LINEAR|255|1|0||DEFAULT||NONE|2|Y|Y|n|float|Adaptation rate factor for the adaptive filter|Defines adaptation rate factor for the adaptive filter. Higher values provide faster filter convergence, but decrease filter stability.|
TX_AFL|AdvAECform|TX_AFL|UINT|8|128|94|12|0|7|SPECIAL|0.03125|1|15||SPECIAL||NONE|0|Y|Y|Y|ms|Effective length of the adaptive filter|Defines effective length of the adaptive filter.  Longer filter cancels longer echo tail, but leads to slower convergence and increases required computational resources.|For optimal performance, any bulk delay present in the system should be properly compensated by RPD parameter. VCP object size and MIPS consumption are affected by this parameter. 
TX_AFAH_FLAG|AdvAECform|TX_AFAH|BOOL|0|1|1|57|11|11|AS IS|0||||DEFAULT||NONE|0|Y|Y|n|flag|Adaptive Filters (AF) Activity Hold flag (0-off, 1-on)|Adaptation of adaptive filters is performed only during Reference signal activity. Enabling this flag extends (holds) the activity by additional 3/4 of the filter length (AFL) after the actual activity ends. This feature usually improves filtering performance.|
AF_FLAG|AdvAECform|TX_AF_FLAG|BOOL|0|1|1|0|2|2|AS IS|0||||DEFAULT||ENA/DIS|0|Y|Y|n|flag|Adaptive Filters (AF); flag|Turns adaptive filtering on/off. If turned `off`, echo attenuation is not performed (while ES may still perform echo suppression).|
TX_RSNDC_NT|AdvAECform|TX_RSNDC_ALT|UFLOAT|0|4|0|29|0|7|SQRT|255|0.25|0||DEFAULT||SPECIAL|3|Y|Y|n|float|Special NDCNT value for oversaturated Reference during near talk or in unprotected filters mode|If Protected Mode of the adaptive filters is disabled, the parameter defines a special RSNDC value used instead of the original (defined by RSNDC parameter) during periods when near talk is detected. Allows improving duplex performance by having a special `relaxed` RSNDC setting in double talk.Affects BCT behavior in frequency bands between NDF1 and NDF3. If Protected Mode of the adaptive filters is enabled, the parameter defines a special RSNDC value used instead of the original (defined by RSNDC parameter) when adaptive filters are unprotected. |
TX_GCT_NT|AdvAECform|TX_GCT_ALT|SIG INT|-96|0|-14|27|0|7|EXP10|255|0.0125|0||DEFAULT||SPECIAL|0|Y|Y|n|dB|Global cancellation threshold during near talk or in unprotected filters mode|If Protected Mode of the adaptive filters is disabled, the parameter defines a special GCT value used instead of the original (defined by GCT parameter) during double talk periods (i.e. when near talk is detected). Small residual echo can be masked by near talk. As such this parameter allows improving double talk performance by having a special `relaxed` GCT setting in double talk. If Protected Mode of the adaptive filters is enabled, the parameter defines a special GCT value used instead of the original (defined by GCT parameter) when adaptive filters are unprotected. |
TX_BCT_NT|AdvAECform|TX_BCT_ALT|SIG INT|-40|0|-8|27|8|15|EXP10|255|0.0125|0||DEFAULT||SPECIAL|0|Y|Y|n|dB|Band cancellation threshold during near talk or in unprotected filters mode|If Protected Mode of the adaptive filters is disabled, the parameter defines a special BCT value used instead of the original (defined by BCT parameter) during double talk periods (i.e. when near talk is detected). Small residual echo can be masked by near talk. As such this parameter allows improving double talk performance by having a special ‘relaxed’ BCT setting in double talk. If Protected Mode of the adaptive filters is enabled, the parameter defines a special BCT value used instead of the original (defined by BCT parameter) when adaptive filters are unprotected. |
TX_AFTHR|AdvAECform|TX_AFTHR|SIG INT|-96|0|-96|98|0|7|EXP10|255|0.0125|0||DEFAULT||NONE|0|Y|Y|n|dB|Signal level threshold for dynamic management of AF|This parameter relates to VCP Dynamic Processing Management. Adaptation of AF is not performed if Rx output signal level is lower than this threshold. Allows saving processing power.|Affects AF block. Improper setting may spoil echo cancellation performance.
TX_ESTHR|AdvAECform|TX_ESTHR|SIG INT|-96|0|-96|98|8|15|EXP10|255|0.0125|0||DEFAULT||NONE|0|Y|Y|n|dB|Signal level threshold for dynamic management of ES|This parameter relates to VCP Dynamic Processing Management. ES block is bypassed if Rx output signal level is lower than this threshold. Allows saving processing power.|Affects ES block. Improper setting may spoil echo cancellation performance.
TX_NDC_NT|AdvAECform|TX_NDC_ALT|UFLOAT|0|4|0|29|8|15|SQRT|255|0.25|0||DEFAULT||SPECIAL|3|Y|Y|n|float|Non-linear distortions factor during near talk or in unprotected filters mode|If Protected Mode of the adaptive filters is disabled, the parameter defines a special NDC value used instead of the original (defined by NDC parameter) during double talk periods (when near talk is detected). It allows improving double talk performance by having a special `relaxed` NDC setting in double talk.Affects BCT behavior in frequency bands between NDF1 and NDF3. If Protected Mode of the adaptive filters is enabled, the parameter defines a special NDC value used instead of the original (defined by NDC parameter) when adaptive filters are unprotected. |
ES_NT_FLAG|AdvAECform|TX_ES_ALT_FLAG|BOOL|0|1|0|999|0|0|AS IS|0||||DEFAULT||ENA/DIS|0|Y|Y|n|flag|Special BCT/GCT/ND settings for case of double talk or unprotected filters mode; flag|Turns on/off the use of BCT_NT/GCT_NT/etc -- a special values for BCT/NDC/etc in double talk (in case Protected Mode is disabled) or unprotected mode of adaptive filters (in case Protected Mode of adaptive filters is enabled). If turned `off`, BCT_NT/GCT_NT/NDC_NT/etc values are ingored.|
SATURATION_BEEPS_FLAG|GenVCPSettingsForm|BEEPS_SAT_FLAG|BOOL|0|1|0|0|7|7|AS IS|0||||DEFAULT||NONE|0|Y|Y|n|flag|Produce beeps when input mic signal exceeds -3 dBFs; flag|If enabled, short beep is produced on RX each time TX input signal exceeds -3 dBFs level. Useful for microphone/ADC signal saturation detection.|
VOLUME_BEEPS_FLAG|GenVCPSettingsForm|BEEPS_VOL_FLAG|BOOL|0|1|0|0|8|8|AS IS|0||||DEFAULT||NONE|0|Y|Y|n|flag|Produce beeps sequence indicating current RX volume setting confirmed by VCP; flag|If enabled, VCP produces beeps sequence on RX every time volume changes. Amount of beeps corresponds to the volume confirmed by VCP to VM.|
REINIT_BEEPS_DISABLE_FLAG|GenVCPSettingsForm|REINIT_BEEPS_DISABLE_FLAG|BOOL|0|1|0|7|14|14|AS IS|1||||DEFAULT||NONE|0|Y|Y|n|flag|Disable/enable beeps sequence on reinit (inv)|Disable/enable beeps sequence on reinit (inverted: checkmarked box in config. means that the flag is OFF, so the beeps are enabled; unchecked box means flag ON - beeps disabled)|
ESRC_FLAG|AdvAECForm|ESRC_FLAG|BOOL|0|1|0|7|15|15|AS IS|0||||DEFAULT||NONE|0|Y|Y|n|flag|ES reference signal control flag|Turns Reference(RXout)-signal controlled decisions in ES on/off. If turned `on`, ES performs internal decisions about type of talk mode (Far Talk mode, Near Talk mode, Double Talk mode) based on activity detection on RX and TX channels, and can decide to `close` a frequency band irrespective to BCT/GCT estimations. If turned `off`, ES closes bands based on BCT/GCT estimations only, no self-relient decisions are made.|
TX_TONEMING|AdvTXSNSpars|TX_TONEMING|SIG INT|-96|0|0|88|8|15|EXP10|255|0.0125|0||DEFAULT||NONE||Y|Y|n|dB|Tone suppression gain|Minimal additional gain applied to suppress frequencies where tones are detected.|Is not available if the secondary PSKEY is set to zero (0x0000)
RX_TONEMING|AdvRXSNSpars|RX_TONEMING|SIG INT|-96|0|0|88|0|7|EXP10|255|0.0125|0||DEFAULT||NONE||Y|Y|n|dB|Tone suppression gain|Minimal additional gain applied to suppress frequencies where tones are detected.|Is not available if the secondary PSKEY is set to zero (0x0000)
RX_ELMSF|AdvNDVCform|RX_ELMSF|UFLOAT|0.2|0.5|0.3|90|12|15|LINEAR|1|50|-10||DEFAULT||NONE|2|Y|Y|n|float|Maximal time stretch factor|Maximal time stretch factor|Is not available if the secondary PSKEY is set to zero (0x0000)
RX_ELPCT|AdvNDVCform|RX_ELPCT|UINT|0|236|100|90|9|11|LINEAR|1|0.03125|0||DEFAULT||NONE||Y|Y|n|samples|Pitch confirmation time|Pitch confirmation time|Is not available if the secondary PSKEY is set to zero (0x0000)
RX_ELMAD|AdvNDVCform|RX_ELMAD|UINT|400|1000|600|90|0|8|LINEAR|0.85|1|-400||DEFAULT||NONE||Y|Y|n|ms|Maximal accumulated delay|Delay is being accumulated in the channel as a result of speech slowing down. When the accumulated delay reaches the maximal allowed value, speech deceleration gradually stops. In pauses (bewtween phrases and words), the accumulated delay is reduced and the buffer is cleaned.|Is not available if the secondary PSKEY is set to zero (0x0000)
RX_ELTHRV|AdvNDVCform|RX_ELTHRV|SIG INT|-96|0|0|91|8|15|EXP10|255|0.0125|0||DEFAULT||NONE||Y|Y|n|dB|EasyListen voice threshold|EasyListen voice threshold - signal with level above this threshold is regarded as voice and may be stretched|Is not available if the secondary PSKEY is set to zero (0x0000)
RX_ELTHRN|AdvNDVCform|RX_ELTHRN|SIG INT|-96|0|0|91|0|7|EXP10|255|0.0125|0||DEFAULT||NONE||Y|Y|n|dB|EasyListen noise threshold|EasyListen noise threshold - signal with level below this threshold, is regarded as noise|Is not available if the secondary PSKEY is set to zero (0x0000)
EL_FLAG|AdvNDVCform|EL_FLAG|BOOL|0|1|0|89|0|0|AS IS|0||||DEFAULT||ENA/DIS||Y|Y|n|flag|EasyListen activation flag|EasyListen activation flag|Is not available if the secondary PSKEY is set to zero (0x0000)
TX_PMUF|AdvAECForm|TX_PMUF|UINT|0|7900|2000|92|8|13|LINEAR|1|0.008|0||DEFAULT||NONE|0|Y|Y|n|Hz|Protected mode upper frequency|Defines upper frequency for the protected mode. Adaptive filtering above this frequency is conducted in unprotected mode.|Is not available if the secondary PSKEY is set to zero (0x0000) or any of PM or AF flags is disabled
TX_PMTHR|AdvAECForm|TX_PMTHR|SIG INT|-96|0|-25|92|0|7|EXP10|255|0.0125|0||DEFAULT||NONE||Y|Y|n|dB|Protected mode threshold|Defines protected mode threshold for the adaptive filter. Before reaching this level of filtering efficiency the filters work in unprotected mode ensuring the shortest convergence time. After switching to protected regime, the adaptive filters continue soncvergence (including convergence in double talk) although slower than in initial stage. If the required performance of adaptive filters set by this parameter is not observed for some time, the adaptive filters switch to fast convergence (unprotected) mode again.|TX_PMTHR is not available if the secondary PSKEY is set to zero (0x0000) or any of PM or AF flags is disabled
TX_PMERLIF|AdvAECForm|TX_PMERLIF|UFLOAT|1.001|1.5|1.1|93|0|15|LINEAR|32767|1|-1||DEFAULT||NONE|3|Y|Y|n|float|Time to switch to unprotected mode|If the required performance of adaptive filters set by parameter PMTHR is not observed for some time, the adaptive filters switch to fast  convergence (unprotected) mode again. The time that it takes to switch to unprotected mode is back proportional to ERLIF value set. Set 1.003 (longer time) for stable acoustic conditions (such as in VDA) or 1.01 (faster time) for real conditions.|TX_PMERLIF is not available if the secondary PSKEY is set to zero (0x0000) or any of PM or AF flags is disabled
RX_DTGCTHR|AdvDTGCpars|RX_DTGCTHR|SIG INT|-96|0|-30|94|0|7|EXP10|255|0.0125|0||DEFAULT||NONE||Y|Y|n|dB|TX signal level threshold for DTGC activation|DTGC mechanism can be activated only if the input TX signal level exceeds the threshold defined by DTGCTHR|RX_DTGCTHR is not available if the secondary PSKEY is set to zero (0x0000) 
TX_VADTHR|AdvDTGCpars|TX_VADTHR|UFLOAT|0|0.933|0.25|94|12|15|SPECIAL|1|15|1||DEFAULT||NONE|3|Y|Y|n|float|Minimal VAD value required for AGC activation|AGC gain can be increased only if estimated VAD value exceeds the threshold defined by VADTHR|TX_VADTHR is not available if the secondary PSKEY is set to zero (0x0000) 
RX_VADTHR|AdvDTGCpars|RX_VADTHR|UFLOAT|0|0.933|0.25|94|8|11|SPECIAL|1|15|1||DEFAULT||NONE|3|Y|Y|n|float|Minimal VAD value required for AGC activation|[TX_VADTHR]|RX_VADTHR is not available if the secondary PSKEY is set to zero (0x0000) 
PM_FLAG|AdvAECForm|PM_FLAG|BOOL|0|1|0|89|1|1|AS IS|0||||DEFAULT||ENA/DIS||Y|Y|n|flag|Protected mode flag|Turns adaptive filters protected mode on/off|PM_FLAG is not available if the secondary PSKEY is set to zero (0x0000) or if AF flag is disabled
TSF_FLAG|AdvAECForm|TSF_FLAG|BOOL|0|1|1|89|2|2|AS IS|0||||DEFAULT||NONE||Y|Y|n|flag|Two stage adaptive filtering (0 - one stage, 1 - two stages)|Turns two stage adaptive filtering on/off. If turned 'on', filter adaptation is performed in two stages: at first, first half of the filter coefficients is adapted (1st stage), then full pass is performed for the entire filter|TSF_FLAG is not available if the secondary PSKEY is set to zero (0x0000) 
TX_AGCTAR|AdvTXAGCpars|TX_AGCTAR|SIG INT|-96|0|-5|59|0|7|EXP10|255|0.0125|0||DEFAULT||NONE|0|Y|Y|n|dB|AGC target level|Defines target level for AGC output signal. If the input speech signal is below this level, AGC will raise its gain until the output signal reaches the target level. If the output signal level is above this level (but less than the upper limit), AGC gain will be gradually reduced |
RX_AGCTAR|AdvRXAGCpars|RX_AGCTAR|SIG INT|-96|0|-3|59|8|15|EXP10|255|0.0125|0||DEFAULT||NONE|0|Y|Y|n|dB|AGC target level|[TX_AGCTAR]|[TX_AGCTAR]
TX_AGCSAT|AdvTXAGCpars|TX_AGCSAT|SIG INT|-96|0|-2|61|0|7|EXP10|255|0.0125|0||DEFAULT||NONE|0|Y|Y|n|dB|AGC saturation level|Defines the upper limit for the AGC block output signal level. AGC gain is decreased immediately to be below this threshold when output AGC signal exceeds it. The minimal effective AGC gain is 1.|
RX_AGCSAT|AdvRXAGCpars|RX_AGCSAT|SIG INT|-96|0|0|61|8|15|EXP10|255|0.0125|0||DEFAULT||NONE|0|Y|Y|n|dB|AGC saturation level|[TX_AGCSAT]|[TX_AGCSAT]
TX_DRC1NGOL|AdvTXAGCpars|TX_DRC1NGOL|SIG INT|-96|0|-96|25|0|7|EXP10|255|0.0125|0||DEFAULT||NONE|0|Y|Y|n|dB|DRC noise gate output level|Defines target signal level for signals with level NGIL. |
RX_DRCNGOL|AdvRXAGCpars|RX_DRCNGOL|SIG INT|-96|0|-96|25|8|15|EXP10|255|0.0125|0||DEFAULT||NONE|0|Y|Y|n|dB|DRC noise gate output level|[TX_DRC1NGOL]|[TX_DRC1NGOL]
TX_ADM_FRC|ADMform|TX_ADM_FRC|SIG INT|-96|0|0|54|0|7|EXP10|255|0.0125|0||DEFAULT||NONE|0|Y|Y|n|dB|Low frequency compensation flag|Turns ADM low frequency region compensation on/off.|
TX_TAP_THR|GenVCPSettingsForm|SOFTAP_THR|SIG INT|-96|0|-40|95|0|7|EXP10|255|0.0125|0||DEFAULT||NONE|0|Y|N|n|dB|Defines minimal allowed tap signal level for SofTap||
//TX_TAP_SWITCH1|GenVCPSettingsForm||IGNORE|0|1|||||AS IS|0||||DEFAULT||NONE|0|Y|N|n||||
//TX_TAP_SWITCH2|GenVCPSettingsForm||IGNORE|0|1|||||AS IS|0||||DEFAULT||NONE|0|Y|N|n||||
//TX_TAP_SWITCH3|GenVCPSettingsForm||IGNORE|0|1|||||AS IS|0||||DEFAULT||NONE|0|Y|N|n||||
TX_TAP_SWITCH|GenVCPSettingsForm|SOFTAP_MODE|UINT|0|3|0|32|14|15|AS IS|0||||DEFAULT||ENA/DIS|0|Y|N|n|int|Defines SofTap mode (off; mic1 detection; mic2 detection; mic1+mic2 detection)||
LOGGERS_PIO|GenVCPSettingsForm|LOG_PIO|UINT|0|15|3|31|0|3|AS IS|0||||DEFAULT||NONE|0|Y|Y|n|int|BC05MM GPIO number used to output digital audio data (Logger PIO)|If LOG_FLAG is enabled, VCP triggers this BC05MM GPIO to output digital audio data. This GPIO should be dedicated for the logging purposes in VM. A special hardware Alango Logger Module is required to capture digital audio logs.|
LOGGER_FLAG|GenVCPSettingsForm|LOG_FLAG|BOOL|0|1|0|0|13|13|AS IS|0||||DEFAULT||ENA/DIS|0|Y|Y|n|flag|Digital audio logging; flag|If enabled, VCP triggers  BC05MM GPIO specified by LOG_PIO parameter to output digital audio data. |
TX_OUT_LOG_FLAG|GenVCPSettingsForm|TX_OUT_LOG_FLAG|BOOL|0|1|1|60|0|0|AS IS|0||||DEFAULT||NONE|0|Y|Y|n|flag|Log TX_OUT audio data; flag|If enabled, TX OUT digital audio samples are sent to logger GPIO. |Takes effect only when LOG_FLAG is enabled
RX_OUT_LOG_FLAG|GenVCPSettingsForm|RX_OUT_LOG_FLAG|BOOL|0|1|1|60|1|1|AS IS|0||||DEFAULT||NONE|0|Y|Y|n|flag|Log RX_OUT audio data; flag|If enabled, RX OUT digital audio samples are sent to logger GPIO. |Takes effect only when LOG_FLAG is enabled
TX1_IN_LOG_FLAG|GenVCPSettingsForm|TX1_IN_LOG_FLAG|BOOL|0|1|1|60|2|2|AS IS|0||||DEFAULT||NONE|0|Y|Y|n|flag|Log TX1_in audio data; flag|If enabled, TX1 IN digital audio samples are sent to logger GPIO. |Takes effect only when LOG_FLAG is enabled
TX2_IN_LOG_FLAG|GenVCPSettingsForm|TX2_IN_LOG_FLAG|BOOL|0|1|0|60|3|3|AS IS|0||||DEFAULT||NONE|0|Y|Y|n|flag|Log TX2_IN audio data; flag|If enabled, TX2 IN digital audio samples are sent to logger GPIO. |Takes effect only when LOG_FLAG is enabled
RX_IN_LOG_FLAG|GenVCPSettingsForm|RX_IN_LOG_FLAG|BOOL|0|1|1|60|4|4|AS IS|0||||DEFAULT||NONE|0|Y|Y|n|flag|Log RX_IN audio data; flag|If enabled, RX IN digital audio samples are sent to logger GPIO. |Takes effect only when LOG_FLAG is enabled
RX_LPA_FLAG|GenVCPSettingsForm|RX_LPA_FLAG|BOOL|0|1|0|60|14|14|AS IS|0||||DEFAULT||NONE|0|Y|Y|n|flag|RF lost packets attenuation; flag|A special mechanism that masks annoying sound artifacts (`plops` and clicks) caused by RF lost packets on RX by performing fast and smooth RX signal attenuation within the time of lost packet. |
RX_NR_BYPASS_FLAG|ExpertForm|RX_NR_BYPASS_FLAG|BOOL|0|1|0|60|5|5|AS IS|0||||DEFAULT||NONE|0|Y|Y|n|flag|NR, EQ and AGC bypass mode on RX; flag|If enabled, NR, AGC and EQ are not applied to RX |
DSP_OVF_BEEPS_FLAG|GenVCPSettingsForm|DSP_OVF_BEEPS_FLAG|BOOL|0|1|0|60|15|15|AS IS|0||||DEFAULT||NONE|0|Y|Y|n|flag|Indicate DSP overload; flag|If enabled, VCP produces beeps in case of DSP overload (when processing is longer than sampling interval). |
PARCHANGE|GenVCPSettingsForm|PSKEY_MON|HEX ARRAY|0|0xFFFF|0x2281|36|36|36|AS IS|0||||DEFAULT||SPECIAL|0|Y|E|n|int|VCP parameters monitoring PSKEY number|VCP Configurator stores random number in this PSKEY each time new VCP parameters are applied i.e. written  into the Primary (main) VCP PSKEY. VCP library running inside DSP polls this PSKEY contents each specific time interval. If contents change is detected, VCP re-reads its parameters from the Primary PSKEY and applies them by full re-initialization.|
LICENSE_DATA|GenVCPSettingsForm|LICENSE_DATA|HEX ARRAY|0|0xFFFF|0123 4567 890A BCDE F012 3456 7890 ABCD|128|128|135|AS IS|0||||DEFAULT||NONE|0|Y|E|n||VCP License data|With a valid license key that corresponds to the MAC-address of the device running VCP, VCP operates in a fully functional mode. With a special `demo` license, VCP works in demonstration mode allowing 7 (seven) minutes of normal operation without interruptions; after this period of time RX channel is fully muted. The demo license data for VCP-HF and VCP-HS is shown  in Default Value above:    0123 4567 890A BCDE F012 3456 7890 ABCD . This demo license is valid and can be used only within the following Bluetooth addresses range: 0002 5B 00A5A5 -- 0002 5B 00A5E5 (64 different addresses). If no license is found, or license data is incorrect, VCP produces constant beep via RX channel immediately after the start. If License data consists of 8 zero words, it won't be written into the device (this feature should be used only for the devices with preprogrammed license).|
LICENSE|GenVCPSettingsForm|PSKEY_LIC|HEX ARRAY|1|0xFFFF|0x2288|35|35|35|AS IS|0||||DEFAULT||SPECIAL|0|Y|E|n|int|PSKEY number to store VCP license|VCP looks for its license in this PSKEY. Demo or commercial license is required for proper VCP operation.|
VCP_PSKEY|GenVCPSettingsForm|PSKEY_PRI|HEX ARRAY|1|0xFFFF|0x2280|999|999|999|AS IS|0||||DEFAULT||SPECIAL|0|Y|N|n|int|Primary (main) VCP parameters PSKEY number|PSKEY number to store main VCP parameters in. This number should be specified according to the VM application source code (usually according to `csr_cvc_common_plugin`, `csr_cvc_common_if.h` file). Typical PSKEY numbers for different SDKs are: |If VM application (CVC_plugin) invokes DSP with different PSKEY number, VCP is not able to find/read its parameters and therefore cannot operate properly (such event is indicated by long periodical beeps produced via RX and TX). 
VCP_SEC_PSKEY|GenVCPSettingsForm|PSKEY_SEC|HEX ARRAY|0|0xFFFF|0|34|34|34|AS IS|0||||DEFAULT||SPECIAL|0|Y|N|n|int|Secondary (optional) VCP parameters PSKEY number|Secondary PSKEY is used to store some non-mandatory VCP parameters such as Reference signal EQ. If it is specified as 0x0000, these optional parameters are not stored and their default values are used by VCP. Primary PSKEY contains link to the Secondary PSKEY number.|REF_EQ, BCT_EQ, GCT_EQ and REAR_EQ cannot be set if the secondary PSKEY is set to zero (0x0000)
PSKEY_VERSION|GenVCPSettingsForm|PSKEY_VER|UINT|31|31|31|62|0|7|AS IS|0||||DEFAULT||NONE|0|Y|Y|n|int|Version of VCP PSKEY format ||
REF_EQ32|REF_EQU|REF_EQ|HEX ARRAY|0|0xFFFF|0xFFFF|64|64|71|SPECIAL|0||||SPECIAL||NONE|0|Y|Y|n||Reference signal (RXout -> AF link) EQ coefficients|Defines equalizer settings for the Reference signal input to the Echo Canceller. This EQ is used to compensate  spectral differences of RXout and echo present in TXin (captured by the microphone). For optimal AF performance, these spectral differences shall be minimized.|REF_EQ is not available if the secondary PSKEY is set to zero (0x0000)
TX_EQ32|TX_EQU|TX_EQ|HEX ARRAY|0|0xFFFF|0xFFFF|37|37|44|SPECIAL|0||||SPECIAL||NONE|0|Y|Y|n||TX EQ coefficients|Defines equalizer settings for the TX (uplink) signal.|
RX_EQ32|RX_EQU|RX_EQ|HEX ARRAY|0|0xFFFF|0xFFFF|45|45|52|SPECIAL|0||||SPECIAL||NONE|0|Y|Y|n||RX EQ coefficients|Defines equalizer settings for the RX (downlink) signal.|
//textBoxCmnt|VCP_Config||IGNORE|0|1||999|0|15|AS IS|0||||DEFAULT||NONE|3|Y|Y|n||||
//textBoxRawPSK|VCP_Config||IGNORE|0|1||999|0|15|AS IS|0||||DEFAULT||NONE|3|Y|Y|n||||
ADM_ARFN|ADMform|TX_ADM_ARFN|UFLOAT|0|1|1|58|0|7|SQRT|255|1|0||DEFAULT||NONE|3|Y|Y|n|float|Adaptation rate factor for noise|Defines how fast ADM reacts on changing direction of noise. |
ADM_ARFE|ADMform|TX_ADM_ARFE|UFLOAT|0|1|1|17|8|15|SQRT|255|1|0||DEFAULT||NONE|3|Y|Y|n|float|Adaptation rate factor for echo|Defines how fast ADM reacts on changing direction of echo (during RX activity). |Is not available if the secondary PSKEY is set to zero (0x0000) or TX_ADM_RM_FLAG is disabled
OBT|AdvAECform|TX_OBT|UINT|0|100|0|58|8|11|LINEAR|15|0.01|0||DEFAULT||NONE|0|Y|Y|n|%|Open band threshold|Defines minimal allowed percent of open sub-bands in ES.|This parameter controls a special mechanism that works in parallel to GCT. OBT defines minimal allowed percent of open bands on ES output. If the percent of open bands is lower that this threshold, the whole channel is closed.
TX_SYNCMT|GenVCPSettingsForm|TX_SYNCMT|UFLOAT|0|7.5|4|58|12|15|LINEAR|2|1|0||DEFAULT||NONE|1|Y|Y|n|sec|Initial DAC/ADC cbops sync masking time|After opening SCO, CSR DSP framework performs synchronization of DAC/ADC audio buffers (cbops). During this time  (usually up to 5 seconds after SCO opening) the `bulk` system delay (i.e. RXout->TXin delay) may change several times spoiling AEC convergence. This parameter allows to `mask` AEC re-convergence by working in half-duplex mode during the desired initial time.|
BCT_EQ32|BCT_EQU|BCT_EQ|HEX ARRAY|0|0xFFFF|0xBBBB|80|80|87|SPECIAL|0||||SPECIAL||NONE|0|Y|Y|n||Individual BCT settings for each frequency band|Allows to define individual BCT settings for each frequency band.|BCT_EQ is not available if the secondary PSKEY is set to zero (0x0000)
GCT_EQ32|GCT_EQU|GCT_EQ|HEX ARRAY|0|0xFFFF|0xFFFF|100|100|107|SPECIAL|0||||SPECIAL||NONE|0|Y|Y|n||Allows to set individual band weights for GCT calculation|Allows to set individual/separate band weights for GCT calculation. GCT EQ fully replaces GGW/GGWF frequency bands weighting parametrization.|GCT_EQ is not available if the secondary PSKEY is set to zero (0x0000)
RearMic_EQ32|RearMic_EQU|REAR_EQ|HEX ARRAY|0|0xFFFF|0xFFFF|72|72|79|SPECIAL|0||||SPECIAL||NONE|0|Y|Y|n||Rear microphone EQ|Defines rear microphone eqaulizer coefficients. Used to compensate for frequency response differences between front and rear microphones.|REAR_EQ is not available if the secondary PSKEY is set to zero (0x0000)
BCTEQ_FLAG|AdvAECform|BCT_EQ_flag|BOOL|0|1|0|0|0|0|AS IS|0||||DEFAULT||SPECIAL|0|Y|Y|n||Individual BCT settings for each frequency band; flag|Switches individual BCT settings for each frequency band on and off. BCT EQ is applied only if BCT_EQ_flag is switched on. If it is `off`, BCT EQ is ignored and BCT value is used for all bands.|BCT_EQ is not available if the secondary PSKEY is set to zero (0x0000)
GCTEQ_FLAG|AdvAECform|GCT_EQ_flag|BOOL|0|1|0|89|3|3|AS IS|0||||DEFAULT||SPECIAL|0|Y|Y|n||Allows individual GCT settings for each frequency band; flag|Switches individual GCT settings for each frequency band on and off. GCT EQ is applied only if GCT_EQ_flag is switched on. If it is `off`, GGW/GGWF frequency bands weighting parametrization is applied.|GCT_EQ_flag and GCT_EQ are not available if the secondary PSKEY is set to zero (0x0000)
//comboBoxParList|HelpForm||IGNORE|0|1||999|0|15|AS IS|0||||DEFAULT||NONE|3|Y|Y|n||||
//textBoxUFName|UFriendlyName||IGNORE|0|1||999|0|15|AS IS|0||||DEFAULT||NONE|3|Y|Y|n||||
//checkBox1|VCP_Config||IGNORE|0|1||999|0|15|AS IS|0||||DEFAULT||NONE|3|Y|Y|n||||
RoomSize|VCP_Config|EchoTail|UFLOAT|0|1|0.68|999|0|15|LINEAR|0.04|1|0||DEFAULT||EASYMODE|2|Y|Y|n||Size of acoustic space where acoustic echo is to be cancelled.|This knob defines maximal tail length of acoustic echo to be cancelled. Optimal setting depends on characteristics of echo path and materials.|Affects TX_AFL parameter
ES_Strength|VCP_Config|ES_Strength|UFLOAT|0|1|0.5|999|0|15|LINEAR|0.05|1|0||DEFAULT||EASYMODE|2|Y|Y|n||Echo Suppresion aggressiveness.|This knob controls echo suppression aggressiveness. Depending on characteristics of acoustic echo path (such as signal levels, echo-to-speech level ratio, acoustic absorption of materials, resonances, vibrations, analog/digital signal saturation, etc.) optimal AEC performance may be achieved with different settings. Stronger echo suppression generally leads to less transparent double talk with less echo residues, and vice versa.|Affects TX_BCT, TX_GCT
TX_NR_level|VCP_Config|TX_NR_level|UFLOAT|0|1|0.4|999|0|15|LINEAR|0.06666|1|0||DEFAULT||EASYMODE|2|Y|Y|n||Level of noise reduction on TX channel|This knob defines how many noise should be cleaned out from TX signal. Stronger settings generally lead to less noise present in the output signal, but may also result in less natural voice and loss of `presence effect`.|Affects TX_SNS, TX_WBNG
RX_NR_level|VCP_Config|RX_NR_level|UFLOAT|0|1|0.2|999|0|15|LINEAR|0.06666|1|0||DEFAULT||EASYMODE|2|Y|Y|n||Level of noise reduction on RX channel|This knob defines how many noise should be cleaned out from RX signal. Stronger settings generally lead to less noise present in the output signal, but may also result in less natural voice and loss of `presence effect`.|Affects RX_SNS, RX_WBNG
TXGainCtrl|VCP_Config|TXGainCtrl|UFLOAT|0|1|0|999|0|15|LINEAR|0.2|1|0||DEFAULT||EASYMODE|2|Y|Y|n||Degree of voice level compensation on TX channel|This knob controls degree of voice level compensation applied to TX signal.|Affects TX_OG, TX_DRC1SAT, TX_AGC, TX_AGCSAT, TX_AGCTAR 
RXGainCtrl|VCP_Config|RXGainCtrl|UFLOAT|0|1|0|999|0|15|LINEAR|0.2|1|0||DEFAULT||EASYMODE|2|Y|Y|n||Degree of voice level compensation on RX channel|This knob controls degree of voice level compensation applied to RX signal.|Affects RX_OG, RX_DRCSAT, RX_AGC, RX_AGCSAT, RX_AGCTAR 
DTGC_effect|VCP_Config|DTGC_effect|UFLOAT|0|1|0|999|0|15|LINEAR|0.16666|1|0||DEFAULT||EASYMODE|2|Y|Y|n||Level of DTGC effect.|This knob controls level of DTGC effect (slight attenuation of RX volume when the near-end user is speaking). Stronger settings generally lead to more transparent double talk at expense of more noticable RX voice level decrease in double talk.|Affects RX_DTGC_ATT, RX_DTGCHP
SPK_GAINMAX_E|VCP_Config|[SPK_GAINMAX]|IGNORE|0|1||999|0|15|AS IS|0||||DEFAULT||NONE|3|Y|E|n||||
SPK_GAINMIN_E|VCP_Config|[SPK_GAINMIN]|IGNORE|0|1||999|0|15|AS IS|0||||DEFAULT||NONE|3|Y|E|n||||
MIC_BOOST_FLAG_E|VCP_Config|[MIC_BOOST_FLAG]|IGNORE|0|1||999|0|15|AS IS|0||||DEFAULT||NONE|3|Y|E|n||||
MIC_GAIN_E|VCP_Config|[MIC_GAIN]|IGNORE|0|1||999|0|15|AS IS|0||||DEFAULT||NONE|3|Y|E|n||||
RX_BYPASS_FLAG_E|VCP_Config|[RX_BYPASS_FLAG]|IGNORE|0|1||999|0|15|AS IS|0||||DEFAULT||NONE|3|Y|Y|n||||
RX_NR_BYPASS_FLAG_E|VCP_Config|[RX_NR_BYPASS_FLAG]|IGNORE|0|1||999|0|15|AS IS|0||||DEFAULT||NONE|3|Y|Y|n||||
TX_BYPASS_FLAG_E|VCP_Config|[TX_BYPASS_FLAG]|IGNORE|0|1||999|0|15|AS IS|0||||DEFAULT||NONE|3|Y|Y|n||||
STG_E|VCP_Config|[STG]|IGNORE|0|1||999|0|15|AS IS|0||||DEFAULT||NONE|3|Y|Y|n||||
//RXOUT_E|VCP_Config|[RXOUT]|IGNORE|0|1||999|0|15|AS IS|0||||DEFAULT||NONE|3|Y|Y|n||||
TXIN_E|VCP_Config|[TXIN]|IGNORE|0|1||999|0|15|AS IS|0||||DEFAULT||NONE|3|Y|Y|n||||
//TXOUT_E|VCP_Config|[TXOUT]|IGNORE|0|1||999|0|15|AS IS|0||||DEFAULT||NONE|3|Y|Y|n||||
RXIN_E|VCP_Config|[RXIN]|IGNORE|0|1||999|0|15|AS IS|0||||DEFAULT||NONE|3|Y|Y|n||||
SPK_GAINMIN_V|CodecGains|DAC_GAIN_MIN|UINT|0|15|0|1|12|15|AS IS|0||||DEFAULT||SPECIAL|0|Y|O|n|int|DAC (loudspeaker) minimal allowed gain|This setting is used to control minimal allowed user volume. It is requested by VM during DSP initialization process (VM<->DSP message exchange). It does not influence VCP behavior directly. |
SPK_GAINMAX_V|CodecGains|DAC_GAIN_MAX|UINT|0|15|15|1|8|11|AS IS|0||||DEFAULT||SPECIAL|0|Y|O|n|int|DAC (loudspeaker) maximal allowed gain|This setting is used to control maximal allowed user volume. It is requested by VM during DSP initialization process (VM<->DSP message exchange). It does not influence VCP behavior directly. |
RXIN_BOOST_FLAG|CodecGains|RXIN_PREAMP_FLAG|BOOL|0|1|1|142|15|15|AS IS|0||||DEFAULT||NONE|0|Y|O|n|flag|Use BC5MM internal ADC pre-amp; flag|Enable/disable the use of BC5MM internal ADC pre-amplifier. The pre-amplifier provides 20.5 dB gain increase.|
RXIN_GAIN|CodecGains|RXIN_GAIN|UINT|0|15|10|142|0|14|AS IS|0||||DEFAULT||NONE|0|Y|O|n|int|Defines microphone (ADC) gain of BC5MM using encoded gain setting values from 0 to 15|Defines microphone (ADC) gain of BC5MM. The setting is represented (encoded) by numbers from 0 to 15. The actual gain set on ADC consists of two components: digital ADC gain and analog ADC gain. Gain settings correspond to the following actual ADC gain values (in a format: gain setting - overall gain, dB [digital component / analog component]): 0 - -45 dB [8 / 0]; 1 - -41.5 dB [9 / 0]; 2 - -39 dB [10 / 0]; 3 - -35.5 dB [11 / 0]; 4 - -33 dB [12 / 0]; 5 - -29.5 dB [13 / 0]; 6 - -27 dB [14 / 0]; 7 - -23.5 dB [15 / 0]; 8 - -21 dB [0 / 0]; 9 - -18 dB [0 / 1]; 10 - -15 dB  [0 / 2]; 11 - -12 dB [0 / 3]; 12 - -9 dB [0 / 4]; 13 - -6 dB [0 / 5]; 14 - -3 dB [0 / 6]; 15 - 0 dB [0 / 7]|
TXOUT_GAIN|CodecGains|TXOUT_GAIN|UINT|0|15|15|141|0|15|AS IS|0||||DEFAULT||NONE|0|Y|O|n|int|Defines output (DAC) gain of BC5MM using encoded gain setting values from 0 to 15|Defines output (DAC) gain of BC5MM. The setting is represented (encoded) by numbers from 0 to 15, each step is 3 dB|
RXOUT_DEF_GAIN|CodecGains|RXOUT_DEF_GAIN|UINT|0|15|15|140|0|15|AS IS|0||||DEFAULT||NONE|0|Y|O|n|int|Defines output (DAC) gain of BC5MM using encoded gain setting values from 0 to 15|Defines output (DAC) gain of BC5MM. The setting is represented (encoded) by numbers from 0 to 15, each step is 3 dB|
MIC_GAIN_V|CodecGains|ADC_GAIN|UINT|0|15|10|1|4|7|AS IS|0||||DEFAULT||NONE|0|Y|O|n|int|Defines microphone (ADC) gain of BC5MM using encoded gain setting values from 0 to 15|Defines microphone (ADC) gain of BC5MM. The setting is represented (encoded) by numbers from 0 to 15. The actual gain set on ADC consists of two components: digital ADC gain and analog ADC gain. Gain settings correspond to the following actual ADC gain values (in a format: gain setting - overall gain, dB [digital component / analog component]): 0 - -45 dB [8 / 0]; 1 - -41.5 dB [9 / 0]; 2 - -39 dB [10 / 0]; 3 - -35.5 dB [11 / 0]; 4 - -33 dB [12 / 0]; 5 - -29.5 dB [13 / 0]; 6 - -27 dB [14 / 0]; 7 - -23.5 dB [15 / 0]; 8 - -21 dB [0 / 0]; 9 - -18 dB [0 / 1]; 10 - -15 dB  [0 / 2]; 11 - -12 dB [0 / 3]; 12 - -9 dB [0 / 4]; 13 - -6 dB [0 / 5]; 14 - -3 dB [0 / 6]; 15 - 0 dB [0 / 7]|
MIC_BOOST_FLAG_V|CodecGains|ADC_PREAMP_FLAG|BOOL|0|1|1|0|15|15|AS IS|0||||DEFAULT||NONE|0|Y|O|n|flag|Use BC5MM internal ADC pre-amp; flag|Enable/disable the use of BC5MM internal ADC pre-amplifier. The pre-amplifier provides 20.5 dB gain increase.|
VCP_PSKEY_NUM|GenVCPSettingsForm|PSKEY_PRI|UINT|0|1|0|999|999|999|TABLE|1|2|683|00:01|DEFAULT|683:685|SPECIAL|0|Y|O|n|int|Number of parameter set: 0 - main parameter set (when blue led is blinking); 1 - Alternative parameter set (when red led is blinking)|PSKEY number to store main VCP parameters in.|If VM application (CVC_plugin) invokes DSP with different PSKEY number, VCP is not able to find/read its parameters and therefore cannot operate properly (such event is indicated by long periodical beeps produced via RX and TX). 
VCP_SEC_PSKEY_NUM|GenVCPSettingsForm|HIDE_PSKEY_SEC|UINT|687|689|687|34|0|15|AS IS|0||||DEFAULT||NONE|0|Y|O|n|int|Secondary (optional) VCP parameters PSKEY number|Secondary PSKEY is used to store some non-mandatory VCP parameters such as Reference signal EQ. If it is specified as 0x0000, these optional parameters are not stored and their default values are used by VCP. Primary PSKEY contains link to the Secondary PSKEY number.|
PARCHANGE_V|GenVCPSettingsForm|HIDE_PSKEY_MON|HEX ARRAY|0x2281|0x2281|0x2281|36|36|36|AS IS|0||||DEFAULT||NONE|0|Y|O|n|int|VCP parameters monitoring PSKEY number|VCP Configurator stores random number in this PSKEY each time new VCP parameters are applied i.e. written  into the Primary (main) VCP PSKEY. VCP library running inside DSP polls this PSKEY contents each specific time interval. If contents change is detected, VCP re-reads its parameters from the Primary PSKEY and applies them by full re-initialization.|
LICENSE_DATA_V|GenVCPSettingsForm|HIDE_LICENSE_DATA|HEX ARRAY|0|0xFFFF|5CAC 5272 E64E 7D67 8110 E87D D824 1201|128|128|135|AS IS|0||||DEFAULT||NONE|0|Y|O|n||VCP License data||
LICENSE_V|GenVCPSettingsForm|HIDE_PSKEY_LIC|HEX ARRAY|0x2288|0x2288|0x2288|35|35|35|AS IS|0||||DEFAULT||NONE|0|Y|O|n|int|PSKEY number to store VCP license|VCP looks for its license in this PSKEY. Demo or commercial license is required for proper VCP operation.|
//LOGGERS_PIO_V|GenVCPSettingsForm|LOG_PIO|UINT|1|1|1|31|0|3|AS IS|0||||DEFAULT||NONE|0|Y|O|n|int|BC05MM GPIO number used to output digital audio data (Logger PIO)|If LOG_FLAG is enabled, VCP triggers this BC05MM GPIO to output digital audio data. This GPIO should be dedicated for the logging purposes in VM. A special hardware Alango Logger Module is required to capture digital audio logs.|
//LOGGER_FLAG_V|GenVCPSettingsForm|LOG_FLAG|BOOL|1|1|1|0|13|13|AS IS|0||||DEFAULT||NONE|0|Y|O|n|flag|Digital audio logging; flag|If enabled, VCP triggers  BC05MM GPIO specified by LOG_PIO parameter to output digital audio data. |
